"Id","OwnerId","IsDeleted","Name","CurrencyIsoCode","CreatedDate","CreatedById","SBQQ__DisplayOrder__c","SBQQ__DocumentName__c","SBQQ__ExternalId__c","SBQQ__Opportunity__c","SBQQ__Product__c","SBQQ__QuoteTemplate__c","SBQQ__Quote__c","SBQQ__Required__c","SBQQ__TemplateSection__c"
"a0m1N00000VIyqhQAD","0051N000005nWw8QAE","false","Standard Quotes vs. Saleforce CPQ  Datasheet.pdf","USD","2018-01-17T14:35:50.000Z","0051N000005nWw8QAE","0.0","<a href=""/servlet/servlet.FileDownload?file=00P1N00000a6PNBUA2"" target=""_blank"">View Document in New Window</a>","00P1N00000a6PNBUA2",,,,,"false",
"a0m1N00000VIyqiQAD","0051N000005nWvVQAU","false","EN-LimitedWarrantyNAMLATAM-WS-H57396_tcm432-37525.pdf","USD","2018-01-17T14:35:50.000Z","0051N000005nWvVQAU","0.0","<a href=""/servlet/servlet.FileDownload?file=00P1N00000a6PNlUAM"" target=""_blank"">View Document in New Window</a>","00P1N00000a6PNlUAM",,,,,"false",
"a0m1N00000VIyqjQAD","0051N000005nWv8QAE","false","Salesforce CPQ Training Options.pdf","USD","2018-01-17T14:35:50.000Z","0051N000005nWv8QAE","10.0","<a href=""/servlet/servlet.FileDownload?file=00P1N00000a6PO8UAM"" target=""_blank"">View Document in New Window</a>","00P1N00000a6PO8UAM",,,,,"false",
"a0m1N00000VIyqkQAD","0051N000005nWuFQAU","false","Time and Expense Data Sheet","USD","2018-01-17T14:35:50.000Z","0051N000005nWuFQAU","1.0","<a href=""/servlet/servlet.FileDownload?file=0151N000003mIHc"" target=""_blank"">View Document in New Window</a>","0151N000003mIHc",,"01t1N00000EURLpQAP",,,"false",
"a0m1N00000VIyqlQAD","0051N000005nWuFQAU","false","Time and Expense Data Sheet","USD","2018-01-17T14:35:50.000Z","0051N000005nWuFQAU","1.0","<a href=""/servlet/servlet.FileDownload?file=0151N000003mIHc"" target=""_blank"">View Document in New Window</a>","0151N000003mIHc",,"01t1N00000EURKoQAP",,,"false",
"a0m1N00000VIyqmQAD","0051N000005nWubQAE","false","Maxspace data sheet","USD","2018-01-17T14:35:50.000Z","0051N000005nWubQAE","10.0","<a href=""/servlet/servlet.FileDownload?file=0151N000003mIHd"" target=""_blank"">View Document in New Window</a>","0151N000003mIHd",,"01t1N00000EURKvQAP",,,"false",
"a0m1N00000VIyqnQAD","0051N000005nWvMQAU","false","chicken pdf.pdf","USD","2018-01-17T14:35:50.000Z","0051N000005nWvMQAU","1.0","<a href=""/servlet/servlet.FileDownload?file=00P1N00000ZpdprUAB"" target=""_blank"">View Document in New Window</a>","00P1N00000ZpdprUAB",,,,"a0j1N00000BD8ZrQAL","false",
"a0m1N00000VIyqoQAD","0051N000005nWv5QAE","false","ATTClaimAffidavit_52723306.pdf","USD","2018-01-17T14:35:50.000Z","0051N000005nWv5QAE","0.0","<a href=""/servlet/servlet.FileDownload?file=00P1N00000a6POmUAM"" target=""_blank"">View Document in New Window</a>","00P1N00000a6POmUAM",,,,"a0j1N00000BD8fXQAT","false",
"a0m1N00000VIyqpQAD","0051N000005nWvVQAU","false","AWR-Client-FAQ.pdf","USD","2018-01-17T14:35:50.000Z","0051N000005nWvVQAU","0.0","<a href=""/servlet/servlet.FileDownload?file=00P1N00000a6PP3UAM"" target=""_blank"">View Document in New Window</a>","00P1N00000a6PP3UAM",,,,"a0j1N00000BD8fbQAD","false",
"a0m1N00000VIyqqQAD","0051N000005nWuaQAE","false","Connect-Summer-Newsletter-20141.pdf","USD","2018-01-17T14:35:50.000Z","0051N000005nWuaQAE","0.0","<a href=""/servlet/servlet.FileDownload?file=00P1N00000ZpdpsUAB"" target=""_blank"">View Document in New Window</a>","00P1N00000ZpdpsUAB",,,,,"false",
"a0m1N00000VIyqrQAD","0051N000005nWuGQAU","false","6F556DA6BEE7445F912124F99D5F7C47.pdf","USD","2018-01-17T14:35:50.000Z","0051N000005nWuGQAU","0.0","<a href=""/servlet/servlet.FileDownload?file=00P1N00000ZpdptUAB"" target=""_blank"">View Document in New Window</a>","00P1N00000ZpdptUAB",,,,,"false",
"a0m1N00000VIyqsQAD","0051N000005nWuaQAE","false","2015 w2.pdf","USD","2018-01-17T14:35:50.000Z","0051N000005nWuaQAE","1.0","<a href=""/servlet/servlet.FileDownload?file=00P1N00000ZpdpuUAB"" target=""_blank"">View Document in New Window</a>","00P1N00000ZpdpuUAB",,,,,"false",
"a0m1N00000VIyqtQAD","0051N000005nWuNQAU","false","chicken.pdf","USD","2018-01-17T14:35:50.000Z","0051N000005nWuNQAU","1.0","<a href=""/servlet/servlet.FileDownload?file=00P1N00000ZpdpvUAB"" target=""_blank"">View Document in New Window</a>","00P1N00000ZpdpvUAB",,,,,"false",
"a0m1N00000VIyquQAD","0051N000005nWv7QAE","false","Benefit Elections (Salesforce 2016).pdf","USD","2018-01-17T14:35:50.000Z","0051N000005nWv7QAE","0.0","<a href=""/servlet/servlet.FileDownload?file=00P1N00000ZpdpwUAB"" target=""_blank"">View Document in New Window</a>","00P1N00000ZpdpwUAB",,,,,"false",
"a0m1N00000VIyqvQAD","0051N000005nWvVQAU","false","Sample.pdf","USD","2018-01-17T14:35:50.000Z","0051N000005nWvVQAU","0.0","<a href=""/servlet/servlet.FileDownload?file=00P1N00000ZpdpxUAB"" target=""_blank"">View Document in New Window</a>","00P1N00000ZpdpxUAB",,,,,"false",
"a0m1N00000VIyqwQAD","0051N000005nWvVQAU","false","Adestra 2016_Consumer_Adoption.pdf","USD","2018-01-17T14:35:50.000Z","0051N000005nWvVQAU","0.0","<a href=""/servlet/servlet.FileDownload?file=00P1N00000ZpdpyUAB"" target=""_blank"">View Document in New Window</a>","00P1N00000ZpdpyUAB",,,,,"false",
"a0m1N00000VIyqxQAD","0051N000005nWvIQAU","false","WDCV2MOMPrint.pdf","USD","2018-01-17T14:35:50.000Z","0051N000005nWvIQAU","0.0","<a href=""/servlet/servlet.FileDownload?file=00P1N00000ZpdpzUAB"" target=""_blank"">View Document in New Window</a>","00P1N00000ZpdpzUAB",,,,,"false",
"a0m1N00000VIyqyQAD","0051N000005nWuNQAU","false","chicken.pdf","USD","2018-01-17T14:35:50.000Z","0051N000005nWuNQAU","0.0","<a href=""/servlet/servlet.FileDownload?file=00P1N00000Zpdq0UAB"" target=""_blank"">View Document in New Window</a>","00P1N00000Zpdq0UAB",,,,,"false",
"a0m1N00000VIyqzQAD","0051N000005nWv5QAE","false","1212_001.pdf","USD","2018-01-17T14:35:50.000Z","0051N000005nWv5QAE","0.0","<a href=""/servlet/servlet.FileDownload?file=00P1N00000Zpdq1UAB"" target=""_blank"">View Document in New Window</a>","00P1N00000Zpdq1UAB",,,,,"false",
"a0m1N00000VIyr0QAD","0051N000005nWv5QAE","false","Scan.pdf","USD","2018-01-17T14:35:50.000Z","0051N000005nWv5QAE","0.0","<a href=""/servlet/servlet.FileDownload?file=00P1N00000Zpdq2UAB"" target=""_blank"">View Document in New Window</a>","00P1N00000Zpdq2UAB",,,,,"false",
"a0m1N00000VIyr1QAD","0051N000005nWvMQAU","false","chicken pdf.pdf","USD","2018-01-17T14:35:50.000Z","0051N000005nWvMQAU","2.0","<a href=""/servlet/servlet.FileDownload?file=00P1N00000Zpdq3UAB"" target=""_blank"">View Document in New Window</a>","00P1N00000Zpdq3UAB",,,,,"false",
"a0m1N00000VIyr2QAD","0051N000005nWvMQAU","false","chicken pdf.pdf","USD","2018-01-17T14:35:50.000Z","0051N000005nWvMQAU","1.0","<a href=""/servlet/servlet.FileDownload?file=00P1N00000Zpdq4UAB"" target=""_blank"">View Document in New Window</a>","00P1N00000Zpdq4UAB",,,,,"false",
"a0m1N00000VIyr3QAD","0051N000005nWwaQAE","false","LW_CPQquote.pdf","USD","2018-01-17T14:35:50.000Z","0051N000005nWwaQAE","0.0","<a href=""/servlet/servlet.FileDownload?file=00P1N00000Zpdq5UAB"" target=""_blank"">View Document in New Window</a>","00P1N00000Zpdq5UAB",,,,,"false",
"a0m1N00000VIyr4QAD","0051N000005nWvTQAU","false","What are Push Payments.pdf","USD","2018-01-17T14:35:50.000Z","0051N000005nWvTQAU","0.0","<a href=""/servlet/servlet.FileDownload?file=00P1N00000Zpdq6UAB"" target=""_blank"">View Document in New Window</a>","00P1N00000Zpdq6UAB",,,,,"false",
"a0m1N00000VIyr5QAD","0051N000005nWvTQAU","false","What are Push Payments.pdf","USD","2018-01-17T14:35:50.000Z","0051N000005nWvTQAU","0.0","<a href=""/servlet/servlet.FileDownload?file=00P1N00000Zpdq7UAB"" target=""_blank"">View Document in New Window</a>","00P1N00000Zpdq7UAB",,,,,"false",
"a0m1N00000VIyr6QAD","0051N000005nWvMQAU","false","chicken pdf.pdf","USD","2018-01-17T14:35:50.000Z","0051N000005nWvMQAU","1.0","<a href=""/servlet/servlet.FileDownload?file=00P1N00000Zpdq8UAB"" target=""_blank"">View Document in New Window</a>","00P1N00000Zpdq8UAB",,,,,"false",
"a0m1N00000VIyr7QAD","0051N000005nWv9QAE","false","Verizon-Bill-02-25-2017.pdf","USD","2018-01-17T14:35:50.000Z","0051N000005nWv9QAE","2.0","<a href=""/servlet/servlet.FileDownload?file=00P1N00000Zpdq9UAB"" target=""_blank"">View Document in New Window</a>","00P1N00000Zpdq9UAB",,,,,"false",
"a0m1N00000VIyr8QAD","0051N000005nWvTQAU","false","1601_SW_DPA_for_SQL_Server.pdf","USD","2018-01-17T14:35:50.000Z","0051N000005nWvTQAU","0.0","<a href=""/servlet/servlet.FileDownload?file=00P1N00000ZpdqAUAR"" target=""_blank"">View Document in New Window</a>","00P1N00000ZpdqAUAR",,,,,"false",
"a0m1N00000VIyr9QAD","0051N000005nWvTQAU","false","1601_SW_DPA_for_SQL_Server.pdf","USD","2018-01-17T14:35:50.000Z","0051N000005nWvTQAU","0.0","<a href=""/servlet/servlet.FileDownload?file=00P1N00000ZpdqBUAR"" target=""_blank"">View Document in New Window</a>","00P1N00000ZpdqBUAR",,,,,"false",
"a0m1N00000VIyrAQAT","0051N000005nWvTQAU","false","1016-CLR-MKTG-561184-Utility_Bus_Model_Paper-V1-R6a.pdf","USD","2018-01-17T14:35:50.000Z","0051N000005nWvTQAU","0.0","<a href=""/servlet/servlet.FileDownload?file=00P1N00000ZpdqCUAR"" target=""_blank"">View Document in New Window</a>","00P1N00000ZpdqCUAR",,,,,"false",
"a0m1N00000VIyrBQAT","0051N000005nWvTQAU","false","1016-CLR-MKTG-561184-Utility_Bus_Model_Paper-V1-R6a.pdf","USD","2018-01-17T14:35:50.000Z","0051N000005nWvTQAU","0.0","<a href=""/servlet/servlet.FileDownload?file=00P1N00000ZpdqDUAR"" target=""_blank"">View Document in New Window</a>","00P1N00000ZpdqDUAR",,,,,"false",
"a0m1N00000VIyrCQAT","0051N000005nWvMQAU","false","chicken pdf.pdf","USD","2018-01-17T14:35:50.000Z","0051N000005nWvMQAU","0.0","<a href=""/servlet/servlet.FileDownload?file=00P1N00000ZpdqEUAR"" target=""_blank"">View Document in New Window</a>","00P1N00000ZpdqEUAR",,,,,"false",
"a0m1N00000VIyrDQAT","0051N000005nWvTQAU","false","The-DTI-Technology-Assisted-Review-Service_20170504.pdf","USD","2018-01-17T14:35:50.000Z","0051N000005nWvTQAU","0.0","<a href=""/servlet/servlet.FileDownload?file=00P1N00000ZpdqFUAR"" target=""_blank"">View Document in New Window</a>","00P1N00000ZpdqFUAR",,,,,"false",
"a0m1N00000VIyrEQAT","0051N000005nWvTQAU","false","The-DTI-Technology-Assisted-Review-Service_20170504.pdf","USD","2018-01-17T14:35:50.000Z","0051N000005nWvTQAU","0.0","<a href=""/servlet/servlet.FileDownload?file=00P1N00000ZpdqGUAR"" target=""_blank"">View Document in New Window</a>","00P1N00000ZpdqGUAR",,,,,"false",
"a0m1N00000VIyrFQAT","0051N000005nWvVQAU","false","17429434.pdf","USD","2018-01-17T14:35:50.000Z","0051N000005nWvVQAU","0.0","<a href=""/servlet/servlet.FileDownload?file=00P1N00000ZpdqHUAR"" target=""_blank"">View Document in New Window</a>","00P1N00000ZpdqHUAR",,,,,"false",
"a0m1N00000VIyrGQAT","0051N000005nWvMQAU","false","chicken pdf.pdf","USD","2018-01-17T14:35:50.000Z","0051N000005nWvMQAU","0.0","<a href=""/servlet/servlet.FileDownload?file=00P1N00000ZpdqIUAR"" target=""_blank"">View Document in New Window</a>","00P1N00000ZpdqIUAR",,,,,"false",
"a0m1N00000VIyrHQAT","0051N000005nWvTQAU","false","The-DTI-Technology-Assisted-Review-Service_20170504.pdf","USD","2018-01-17T14:35:50.000Z","0051N000005nWvTQAU","0.0","<a href=""/servlet/servlet.FileDownload?file=00P1N00000ZpdqJUAR"" target=""_blank"">View Document in New Window</a>","00P1N00000ZpdqJUAR",,,,,"false",
"a0m1N00000VIyrIQAT","0051N000005nWvTQAU","false","The-DTI-Technology-Assisted-Review-Service_20170504.pdf","USD","2018-01-17T14:35:50.000Z","0051N000005nWvTQAU","0.0","<a href=""/servlet/servlet.FileDownload?file=00P1N00000ZpdqKUAR"" target=""_blank"">View Document in New Window</a>","00P1N00000ZpdqKUAR",,,,,"false",
"a0m1N00000VIyrJQAT","0051N000005nWvjQAE","false","SGCertifiedCPQSpecialist.pdf","USD","2018-01-17T14:35:50.000Z","0051N000005nWvjQAE","0.0","<a href=""/servlet/servlet.FileDownload?file=00P1N00000ZpdqLUAR"" target=""_blank"">View Document in New Window</a>","00P1N00000ZpdqLUAR",,,,,"false",
"a0m1N00000VIyrKQAT","0051N000005nWvTQAU","false","BuyerVision-Digital-Advertising.pdf","USD","2018-01-17T14:35:50.000Z","0051N000005nWvTQAU","0.0","<a href=""/servlet/servlet.FileDownload?file=00P1N00000ZpdqMUAR"" target=""_blank"">View Document in New Window</a>","00P1N00000ZpdqMUAR",,,,,"false",
"a0m1N00000VIyrLQAT","0051N000005nWvMQAU","false","chicken pdf.pdf","USD","2018-01-17T14:35:50.000Z","0051N000005nWvMQAU","0.0","<a href=""/servlet/servlet.FileDownload?file=00P1N00000ZpdqNUAR"" target=""_blank"">View Document in New Window</a>","00P1N00000ZpdqNUAR",,,,,"false",
"a0m1N00000VIyrMQAT","0051N000005nWvVQAU","false","ob10_optionsoverview_en_gbp.pdf","USD","2018-01-17T14:35:50.000Z","0051N000005nWvVQAU","0.0","<a href=""/servlet/servlet.FileDownload?file=00P1N00000ZpdqOUAR"" target=""_blank"">View Document in New Window</a>","00P1N00000ZpdqOUAR",,,,,"false",
"a0m1N00000VIyrNQAT","0051N000005nWvVQAU","false","ob10_optionsoverview_en_gbp.pdf","USD","2018-01-17T14:35:50.000Z","0051N000005nWvVQAU","0.0","<a href=""/servlet/servlet.FileDownload?file=00P1N00000ZpdqPUAR"" target=""_blank"">View Document in New Window</a>","00P1N00000ZpdqPUAR",,,,,"false",
"a0m1N00000VIyrOQAT","0051N000005nWv8QAE","false","Customer Registration for CPQ Training.pdf","USD","2018-01-17T14:35:50.000Z","0051N000005nWv8QAE","10.0","<a href=""/servlet/servlet.FileDownload?file=00P1N00000ZpdqQUAR"" target=""_blank"">View Document in New Window</a>","00P1N00000ZpdqQUAR",,,,,"false",
"a0m1N00000VIyrPQAT","0051N000005nWv8QAE","false","Wave Analytics Manager Approval.pdf","USD","2018-01-17T14:35:50.000Z","0051N000005nWv8QAE","10.0","<a href=""/servlet/servlet.FileDownload?file=00P1N00000ZpdqRUAR"" target=""_blank"">View Document in New Window</a>","00P1N00000ZpdqRUAR",,,,,"false",
"a0m1N00000VIyrQQAT","0051N000005nWv8QAE","false","SteelBrick Advanced Approvals.pdf","USD","2018-01-17T14:35:50.000Z","0051N000005nWv8QAE","0.0","<a href=""/servlet/servlet.FileDownload?file=00P1N00000ZpdqSUAR"" target=""_blank"">View Document in New Window</a>","00P1N00000ZpdqSUAR",,,,,"false",
"a0m1N00000VIyrRQAT","0051N000005nWvTQAU","false","The-DTI-Technology-Assisted-Review-Service_20170504.pdf","USD","2018-01-17T14:35:50.000Z","0051N000005nWvTQAU","0.0","<a href=""/servlet/servlet.FileDownload?file=00P1N00000ZpdqTUAR"" target=""_blank"">View Document in New Window</a>","00P1N00000ZpdqTUAR",,,,,"false",
"a0m1N00000VIyrSQAT","0051N000005nWv8QAE","false","Salesforce CPQ Training Options (2).pdf","USD","2018-01-17T14:35:50.000Z","0051N000005nWv8QAE","10.0","<a href=""/servlet/servlet.FileDownload?file=00P1N00000ZpdqUUAR"" target=""_blank"">View Document in New Window</a>","00P1N00000ZpdqUUAR",,,,,"false",
"a0m1N00000VIyrTQAT","0051N000005nWvMQAU","false","chicken pdf.pdf","USD","2018-01-17T14:35:50.000Z","0051N000005nWvMQAU","0.0","<a href=""/servlet/servlet.FileDownload?file=00P1N00000ZpdqVUAR"" target=""_blank"">View Document in New Window</a>","00P1N00000ZpdqVUAR",,,,,"false",
"a0m1N00000VIyrUQAT","0051N000005nWv8QAE","false","SteelBrick - Quote to Cash for Partner Communities.pdf","USD","2018-01-17T14:35:50.000Z","0051N000005nWv8QAE","0.0","<a href=""/servlet/servlet.FileDownload?file=00P1N00000ZpdqWUAR"" target=""_blank"">View Document in New Window</a>","00P1N00000ZpdqWUAR",,,,,"false",
